City,Mean underproduction,RHNA Success,P(inventory) for homes built,P(dev) for nonvacant sites,P(dev) for vacant sites,P(dev) for inventory
Los Altos,0.9444444444444444,1.1153039832285114,0.06390977443609022,"(3, 34, 0.08823529411764706)","(6, 23, 0.2608695652173913)","(9, 57, 0.15789473684210525)"
San Francisco,4.676238624535908,0.9030794277598808,0.19481416132867937,"(116, 3915, 0.02962962962962963)","(62, 1339, 0.04630321135175504)","(257, 5254, 0.048915112295393984)"
San Jose,1.0482097304716183,0.48255416191562145,0.14148156899810965,"(21, 246, 0.08536585365853659)","(25, 250, 0.1)","(52, 496, 0.10483870967741936)"
