City,"P(dev) for inventory, 8 years, ground truth","P(dev) for inventory, 8 years, ABAG"
Los Altos,0.08421052631578944,0.19649122807017538
San Francisco,0.10384468976018274,0.07460982108869424
San Jose,0.09354838709677409,0.1419354838709677
