City,Units permitted (2015-2019),Mean underproduction,Units built to units claimed ratio on matched sites,RHNA Success,Units permitted / claimed capacity,Units permitted via BPS / claimed capacity,P(inventory) for homes built,P(inventory) for projects built,P(dev) for nonvacant sites,P(dev) for vacant sites,P(dev) for inventory,# nonvacant matches,# vacant matches,# matches
Los Altos,113.0,0.8833333333333333,1.3076923076923077,0.23689727463312368,0.4388349514563107,1.0135922330097087,0.45132743362831856,0.3076923076923077,0.08823529411764706,0.2608695652173913,0.15789473684210525,3 / 34,6 / 23,9 / 57
San Francisco,36017.0,4.424222227962186,2.8654761904761905,1.2476012331566733,0.7629265606134423,0.42712194708636064,0.3341477635560985,0.14837017609591607,0.05747126436781609,0.07094846900672143,0.06090597639893414,225 / 3915,95 / 1339,320 / 5254
San Jose,11314.0,0.8459844190750869,0.7148007210094132,0.3225199543899658,0.4992403727226074,0.5457931916392019,0.31544988509810856,0.25888324873096447,0.08536585365853659,0.032,0.05846774193548387,21 / 246,8 / 250,29 / 496
