,City,Mean underproduction,RHNA Success,P(inventory) for homes built,P(dev) for nonvacant sites,P(dev) for vacant sites,P(dev) for inventory
0,Los Altos,0.9444444444444444,1.1153039832285114,0.06390977443609022,"(3, 34, 0.08823529411764706)","(6, 23, 0.2608695652173913)","(9, 57, 0.15789473684210525)"
1,San Francisco,4.676238624535908,0.9030794277598808,0.19481416132867937,"(95, 3915, 0.024265644955300127)","(50, 1339, 0.037341299477221805)","(145, 5254, 0.027598020555767034)"
2,San Jose,1.0978286697619521,0.48255416191562145,0.29601843100189035,"(12, 246, 0.04878048780487805)","(15, 250, 0.06)","(67, 599, 0.11185308848080133)"
