City,"P(dev) for inventory, 8 years, ground truth","P(dev) for inventory, 8 years, ABAG"
Los Altos,0.0825484764542936,0.18744228993536466
San Francisco,0.1016069399659098,0.07330514325989261
San Jose,0.09149730098855348,0.13721383975026008
