City,Mean underproduction,Units built to units claimed ratio on matched sites,RHNA Success,P(inventory) for homes built,P(inventory) for projects built,P(dev) for nonvacant sites,P(dev) for vacant sites,P(dev) for inventory,# nonvacant matches,# vacant matches,# matches
Los Altos,0.0,0.0,0.06079664570230608,0.0,0.038461538461538464,0.029411764705882353,0.0,0.017543859649122806,1 / 34,0 / 23,1 / 57
San Francisco,5.539782526487849,3.789512922465209,2.7119747826388165,0.19477085781433606,0.09710843373493976,0.04853128991060025,0.07094846900672143,0.05424438523030072,190 / 3915,95 / 1339,285 / 5254
San Jose,0.8834557472653123,0.7381974248927039,0.3139680729760547,0.2967132740148901,0.2598187311178248,0.06097560975609756,0.032,0.05040322580645161,15 / 246,8 / 250,25 / 496
