City,Units permitted (2015-2019),Mean underproduction,Units built to units claimed ratio on matched sites,RHNA Success,Units permitted / claimed capacity,Units permitted via BPS / claimed capacity,P(inventory) for homes built,P(inventory) for projects built,P(dev) for nonvacant sites,P(dev) for vacant sites,P(dev) for inventory,# nonvacant matches,# vacant matches,# matches
Los Altos,29.0,0.45,0.84375,0.06079664570230608,0.11262135922330097,1.0135922330097087,0.9310344827586207,0.8461538461538461,0.058823529411764705,0.043478260869565216,0.05263157894736842,2 / 34,1 / 23,3 / 57
San Francisco,61969.0,6.480826608273698,3.803807390817469,2.1465585922615955,1.3126522485119363,0.42712194708636064,0.2740725201310333,0.15062020082693445,0.06257982120051085,0.07244212098581031,0.06509326227636086,245 / 3915,97 / 1339,342 / 5254
San Jose,11314.0,0.8459844190750869,0.7148007210094132,0.3225199543899658,0.4992403727226074,0.5457931916392019,0.31544988509810856,0.25888324873096447,0.08536585365853659,0.032,0.05846774193548387,21 / 246,8 / 250,29 / 496
