City,"P(dev) for inventory, 8 years, ground truth","P(dev) for inventory, 8 years, ABAG"
Los Altos,0.23767313019390574,0.18744228993536466
San Francisco,0.10073775609758917,0.07183520261684717
San Jose,0.09149730098855348,0.1342002146201872
