City,Mean underproduction,Units built to units claimed ratio on matched sites,RHNA Success,Units permitted / claimed capacity,P(inventory) for homes built,P(inventory) for projects built,P(dev) for nonvacant sites,P(dev) for vacant sites,P(dev) for inventory,# nonvacant matches,# vacant matches,# matches
Los Altos,0.45,0.84375,0.06079664570230608,0.11262135922330097,0.9310344827586207,0.8461538461538461,0.058823529411764705,0.043478260869565216,0.05263157894736842,2 / 34,1 / 23,3 / 57
San Francisco,6.414787976626406,3.7642440556303276,2.1395614673178844,1.308373403376475,0.2716822898958991,0.1503248670998228,0.045721583652618136,0.0619865571321882,0.0649029311001142,179 / 3915,83 / 1339,341 / 5254
San Jose,0.8459844190750869,0.7148007210094132,0.3225199543899658,0.4992403727226074,0.31544988509810856,0.25888324873096447,0.07723577235772358,0.032,0.05846774193548387,19 / 246,8 / 250,29 / 496
